provider,price,currency,plan,last_checked,offer_url,valid_until
AccuWebHosting,1.0,GBP,High-Speed Network Connectivity Features,2026-09-29,https://www.accuwebhosting.com/vps-hosting/,
AccuWebHosting,4.99,USD,Cheap VPS Hosting,2026-09-29,https://www.accuwebhosting.com/vps-hosting/,
AccuWebHosting,6.33,USD,Windows VPS SSD Plan Starting at,2026-09-29,https://www.accuwebhosting.com/vps-hosting/,
AccuWebHosting,6.99,USD,Only Enterprise WordPress Cloud Now Starting at,2026-09-29,https://www.accuwebhosting.com/vps-hosting/,
AccuWebHosting,7.99,USD,OS Learn More Most Trending Forex Trading VPS Plan Starting at,2026-09-29,https://www.accuwebhosting.com/vps-hosting/,
AlphaVPS,1.67,EUR,AMD Ryzen powered Storage VPS,2026-09-29,https://alphavps.com/,
AlphaVPS,2.54,EUR,VAT BY TYPE 04 Cheap VPS BEST VALUE,2026-09-29,https://alphavps.com/,
AlphaVPS,4.24,EUR,Affordable hosting High-Performance VPS POPULAR,2026-09-29,https://alphavps.com/,
BandwagonHost,119.99,USD,Gigabit Multiple locations,2026-09-29,https://bandwagonhost.com/,
BandwagonHost,19.99,USD,Gigabit Multiple locations,2026-09-29,https://bandwagonhost.com/,
BandwagonHost,39.99,USD,Gigabit Multiple locations,2026-09-29,https://bandwagonhost.com/,
BandwagonHost,49.99,USD,Gigabit Multiple locations,2026-09-29,https://bandwagonhost.com/,
BandwagonHost,52.99,USD,Gigabit Multiple locations,2026-09-29,https://bandwagonhost.com/,
BandwagonHost,79.99,USD,Gigabit Multiple locations,2026-09-29,https://bandwagonhost.com/,
BuyVM,1.25,USD,STORAGE INTENSIVE Block Storage Slabs HDD 256 GB Monthly,2026-09-29,https://buyvm.net/,
BuyVM,2.0,USD,SSD storage starting at,2026-09-29,https://buyvm.net/,
BuyVM,3.5,USD,E PACKAGES DEDICATED RESOURCES DEDICATED KVM SLICES SSD 20 GB Memory 1 GB Monthly,2026-09-29,https://buyvm.net/,
Cherry Servers,0.07,USD,Storage For From,2026-09-29,https://www.cherryservers.com/pricing,
Cherry Servers,11.86,USD,Manage via UI or API Learn more Load Balancer For distributing requests From,2026-09-29,https://www.cherryservers.com/pricing,
Cherry Servers,18.72,USD,DDOS protection Learn more Public IP Subnet For multiple access points From,2026-09-29,https://www.cherryservers.com/pricing,
Cherry Servers,2.34,USD,Scale up to 2TB on the go Learn more Floating IP For persistent access From,2026-09-29,https://www.cherryservers.com/pricing,
Cherry Servers,3.5,USD,Ensured high availability Learn more Backup Storage For a safe data store From,2026-09-29,https://www.cherryservers.com/pricing,
CloudCone,0.01,USD,Plan Per Month,2026-09-29,https://cloudcone.com/,
CloudCone,0.01,USD,Plan Per Month,2026-09-29,https://cloudcone.com/,
CloudCone,0.02,USD,Plan Per Month,2026-09-29,https://cloudcone.com/,
CloudCone,0.04,USD,Plan Per Month,2026-09-29,https://cloudcone.com/,
CloudCone,0.08,USD,Plan Per Month,2026-09-29,https://cloudcone.com/,
CloudCone,10.34,USD,US Feature-rich Panel Enable Auto-backups Enable Snapshots SC2 Basic Plan,2026-09-29,https://cloudcone.com/,
CloudCone,14.51,USD,US Feature-rich Panel Enable Auto-backups Enable Snapshots SC2 Standard Plan,2026-09-29,https://cloudcone.com/,
CloudCone,17.56,USD,US Feature-rich Panel Enable Auto-backups Enable Snapshots SC2 Business Plan,2026-09-29,https://cloudcone.com/,
CloudCone,31.99,USD,Panel Enable Auto-backups Enable Snapshots Power House SC2 Professional Plan,2026-09-29,https://cloudcone.com/,
CloudCone,5.2,USD,SC2 Starter Plan,2026-09-29,https://cloudcone.com/,
CloudCone,63.09,USD,Simple Pricing Unbeatable,2026-09-29,https://cloudcone.com/,
CloudCone,63.09,USD,US Feature-rich Panel Enable Auto-backups Enable Snapshots SC2 Premium Plan,2026-09-29,https://cloudcone.com/,
DigitalOcean,0.01,USD,Highly-efficient virtual machines Per-sec billing with 60 sec minimum or,2026-09-29,https://www.digitalocean.com/pricing/,
DigitalOcean,0.01,USD,Droplet cost per month Usage-based starting at,2026-09-29,https://www.digitalocean.com/pricing/,
DigitalOcean,0.15,USD,Built in CDN View Spaces Object Storage pricing Network File Storage Starting at,2026-09-29,https://www.digitalocean.com/pricing/,
DigitalOcean,0.3,USD,Standard GiB-month High,2026-09-29,https://www.digitalocean.com/pricing/,
DigitalOcean,10.0,USD,Storage Volumes Starting,2026-09-29,https://www.digitalocean.com/pricing/,
DigitalOcean,11.0,USD,Scale automatically View Functions pricing Cloudways Managed Hosting Starting at,2026-09-29,https://www.digitalocean.com/pricing/,
DigitalOcean,12.0,USD,Droplet Kubernetes Starting,2026-09-29,https://www.digitalocean.com/pricing/,
DigitalOcean,15.0,USD,Backups Databases Starting,2026-09-29,https://www.digitalocean.com/pricing/,
DigitalOcean,4.0,USD,Highly scalable View App Platform pricing Droplets Starting at,2026-09-29,https://www.digitalocean.com/pricing/,
DigitalOcean,5.0,USD,Storage Spaces Starting,2026-09-29,https://www.digitalocean.com/pricing/,
DreamHost,0.09,USD,AWS Lightsail Metered,2026-09-29,https://www.dreamhost.com/servers/vps/,
DreamHost,13.99,USD,Support Stack 8 For apps running in production On Sale First 3 months at,2026-09-29,https://www.dreamhost.com/servers/vps/,
DreamHost,15.99,USD,Sign Up Now Auto-renews at,2026-09-29,https://www.dreamhost.com/servers/vps/,
DreamHost,21.99,USD,Sign Up Now Auto-renews at,2026-09-29,https://www.dreamhost.com/servers/vps/,
DreamHost,22.99,USD,Stack 16 For demanding workloads and multiple services On Sale First 3 months at,2026-09-29,https://www.dreamhost.com/servers/vps/,
DreamHost,34.99,USD,Sign Up Now Auto-renews at,2026-09-29,https://www.dreamhost.com/servers/vps/,
DreamHost,4.41,USD,AWS Lightsail Metered,2026-09-29,https://www.dreamhost.com/servers/vps/,
DreamHost,45.99,USD,For high-traffic platforms and data-intensive apps On Sale First 3 months at,2026-09-29,https://www.dreamhost.com/servers/vps/,
DreamHost,59.99,USD,Sign Up Now Auto-renews at,2026-09-29,https://www.dreamhost.com/servers/vps/,
DreamHost,8.99,USD,On Sale Stack 4 For lightweight apps and solo projects On Sale First 3 months at,2026-09-29,https://www.dreamhost.com/servers/vps/,
DreamHost,810.0,USD,Most DreamHost,2026-09-29,https://www.dreamhost.com/servers/vps/,
DreamHost,9.99,USD,COM - See All Extensions,2026-09-29,https://www.dreamhost.com/servers/vps/,
HostDare,12.99,USD,Uptime Guarantee    24/7/365 Support Starting at,2026-09-29,https://hostdare.com/,
HostDare,89.99,USD,Storage Bandwidth/month ORDER,2026-09-29,https://hostdare.com/,
HostDare,99.99,USD,GB RAM 400 GB NVMe SSD Storage 3500 GB Bandwidth/month ORDER,2026-09-29,https://hostdare.com/,
Hostens,1.0,USD,RAM CPU Daily/Weekly,2026-09-29,https://www.hostens.com/vps/,
Hostens,11.0,USD,Order MEDIUM OFF,2026-09-29,https://www.hostens.com/vps/,
Hostens,16.0,USD,Order MEDIUM OFF,2026-09-29,https://www.hostens.com/vps/,
Hostens,21.0,USD,Order SMALL OFF,2026-09-29,https://www.hostens.com/vps/,
Hostens,31.0,USD,Order LARGE OFF,2026-09-29,https://www.hostens.com/vps/,
Hostens,40.0,USD,Order MEDIUM OFF,2026-09-29,https://www.hostens.com/vps/,
Hostens,6.0,USD,Order SMALL OFF,2026-09-29,https://www.hostens.com/vps/,
Hostens,7.0,USD,VPS SMALL OFF,2026-09-29,https://www.hostens.com/vps/,
Hostens,77.0,USD,Order LARGE OFF,2026-09-29,https://www.hostens.com/vps/,
Hostens,9.99,USD,Daily/Weekly Plesk DirectAdmin,2026-09-29,https://www.hostens.com/vps/,
Hostinger,11.99,USD,Choose plan Renews at,2026-09-29,https://www.hostinger.com/vps-hosting,
Hostinger,12.99,USD,RAM NVMe KVM,2026-09-29,https://www.hostinger.com/vps-hosting,
Hostinger,14.99,USD,Choose plan Renews at,2026-09-29,https://www.hostinger.com/vps-hosting,
Hostinger,19.49,USD,Choose VPS KVM,2026-09-29,https://www.hostinger.com/vps-hosting,
Hostinger,24.49,USD,MOST POPULAR KVM,2026-09-29,https://www.hostinger.com/vps-hosting,
Hostinger,25.99,USD,RAM NVMe KVM,2026-09-29,https://www.hostinger.com/vps-hosting,
Hostinger,28.99,USD,Choose plan Renews at,2026-09-29,https://www.hostinger.com/vps-hosting,
Hostinger,42.99,USD,RAM NVMe KVM,2026-09-29,https://www.hostinger.com/vps-hosting,
Hostinger,49.99,USD,Choose plan Renews at,2026-09-29,https://www.hostinger.com/vps-hosting,
Hostinger,6.49,USD,Choose VPS KVM,2026-09-29,https://www.hostinger.com/vps-hosting,
Hostinger,73.99,USD,RAM NVMe KVM,2026-09-29,https://www.hostinger.com/vps-hosting,
Hostinger,8.99,USD,MOST POPULAR KVM,2026-09-29,https://www.hostinger.com/vps-hosting,
Hostwinds,10.99,USD,RAM Storage Bandwidth Price CPU 1 CPU RAM 1 GB Storage 30 GB Bandwidth 1 TB Price,2026-09-29,https://www.hostwinds.com/vps,
Hostwinds,14.29,USD,Storage Bandwidth Price,2026-09-29,https://www.hostwinds.com/vps,
Hostwinds,21.99,USD,CPU 1 CPU RAM 2 GB Storage 50 GB Bandwidth 2 TB Price,2026-09-29,https://www.hostwinds.com/vps,
Hostwinds,25.99,USD,Storage Bandwidth Price,2026-09-29,https://www.hostwinds.com/vps,
Hostwinds,33.14,USD,Storage Bandwidth Price,2026-09-29,https://www.hostwinds.com/vps,
Hostwinds,39.99,USD,CPU 2 CPU RAM 4 GB Storage 75 GB Bandwidth 2 TB Price,2026-09-29,https://www.hostwinds.com/vps,
Hostwinds,50.99,USD,CPU 2 CPU RAM 6 GB Storage 100 GB Bandwidth 2 TB Price,2026-09-29,https://www.hostwinds.com/vps,
Hostwinds,51.99,USD,Storage Bandwidth Price,2026-09-29,https://www.hostwinds.com/vps,
Hostwinds,64.99,USD,Storage Bandwidth Price,2026-09-29,https://www.hostwinds.com/vps,
Hostwinds,7.14,USD,Storage Bandwidth Price,2026-09-29,https://www.hostwinds.com/vps,
Hostwinds,79.99,USD,CPU 4 CPU RAM 8 GB Storage 150 GB Bandwidth 3 TB Price,2026-09-29,https://www.hostwinds.com/vps,
Hostwinds,99.99,USD,CPU 4 CPU RAM 12 GB Storage 200 GB Bandwidth 4 TB Price,2026-09-29,https://www.hostwinds.com/vps,
InMotion Hosting,13.99,USD,Select You Save,2026-09-29,https://www.inmotionhosting.com/vps-hosting,
InMotion Hosting,14.99,USD,Select You Save,2026-09-29,https://www.inmotionhosting.com/vps-hosting,
InMotion Hosting,16.99,USD,For 24 month term Renews at,2026-09-29,https://www.inmotionhosting.com/vps-hosting,
InMotion Hosting,19.99,USD,VPS You Save,2026-09-29,https://www.inmotionhosting.com/vps-hosting,
InMotion Hosting,199.0,USD,Onboarding Server Setup,2026-09-29,https://www.inmotionhosting.com/vps-hosting,
InMotion Hosting,21.99,USD,Select You Save,2026-09-29,https://www.inmotionhosting.com/vps-hosting,
InMotion Hosting,22.99,USD,Select You Save,2026-09-29,https://www.inmotionhosting.com/vps-hosting,
InMotion Hosting,26.99,USD,For 24 month term Renews at,2026-09-29,https://www.inmotionhosting.com/vps-hosting,
InMotion Hosting,36.99,USD,For 24 month term Renews at,2026-09-29,https://www.inmotionhosting.com/vps-hosting,
InMotion Hosting,46.99,USD,For 24 month term Renews at,2026-09-29,https://www.inmotionhosting.com/vps-hosting,
InMotion Hosting,56.99,USD,For 24 month term Renews at,2026-09-29,https://www.inmotionhosting.com/vps-hosting,
InMotion Hosting,9.99,USD,VPS You Save,2026-09-29,https://www.inmotionhosting.com/vps-hosting,
InterServer,10.0,USD,Server Remote Desktop,2026-09-29,https://www.interserver.net/vps/,
InterServer,10.0,GBP,GB memory 40GB SSD 2TB transfer,2026-09-29,https://www.interserver.net/vps/,
InterServer,12.0,USD,Gbps Shared port Root access Full server control Order 3 Slices 4 Slices 4 Slices,2026-09-29,https://www.interserver.net/vps/,
InterServer,15.0,USD,Gbps Shared port Root access Full server control Order 4 Slices 5 Slices 5 Slices,2026-09-29,https://www.interserver.net/vps/,
InterServer,18.0,USD,Gbps Shared port Root access Full server control Order 5 Slices 6 Slices 6 Slices,2026-09-29,https://www.interserver.net/vps/,
InterServer,21.0,USD,Gbps Shared port Root access Full server control Order 6 Slices 7 Slices 7 Slices,2026-09-29,https://www.interserver.net/vps/,
InterServer,24.0,USD,Gbps Shared port Root access Full server control Order 7 Slices 8 Slices 8 Slices,2026-09-29,https://www.interserver.net/vps/,
InterServer,3.0,USD,Speed Test Login Cloud compute / VPS Cloud compute that scales from,2026-09-29,https://www.interserver.net/vps/,
InterServer,3.0,USD,Starts at,2026-09-29,https://www.interserver.net/vps/,
InterServer,3.0,USD,Slice 1 Slice,2026-09-29,https://www.interserver.net/vps/,
InterServer,6.0,USD,Gbps Shared port Root access Full server control Order 1 Slice 2 Slices 2 Slices,2026-09-29,https://www.interserver.net/vps/,
InterServer,9.0,USD,Gbps Shared port Root access Full server control Order 2 Slices 3 Slices 3 Slices,2026-09-29,https://www.interserver.net/vps/,
IONOS,1.0,GBP,Unlimited traffic Transfer as much data as you need with a,2026-09-29,https://www.ionos.com/servers/vps,
IONOS,14.0,USD,Placeholder VPS Save,2026-09-29,https://www.ionos.com/servers/vps,
IONOS,14.0,USD,Placeholder VPS Save,2026-09-29,https://www.ionos.com/servers/vps,
IONOS,2.0,USD,Unlimited traffic and no setup fees See plans Starting at,2026-09-29,https://www.ionos.com/servers/vps,
IONOS,20.0,USD,VPS XXL Save,2026-09-29,https://www.ionos.com/servers/vps,
IONOS,25.0,USD,Bestseller VPS Save,2026-09-29,https://www.ionos.com/servers/vps,
IONOS,4.0,USD,Starting at,2026-09-29,https://www.ionos.com/servers/vps,
IONOS,47.0,USD,Placeholder VPS Save,2026-09-29,https://www.ionos.com/servers/vps,
IONOS,5.0,USD,Placeholder VPS Save,2026-09-29,https://www.ionos.com/servers/vps,
IONOS,6.0,USD,Placeholder VPS Save,2026-09-29,https://www.ionos.com/servers/vps,
IONOS,68.0,USD,VPS XXL Save,2026-09-29,https://www.ionos.com/servers/vps,
IONOS,8.0,USD,Bestseller VPS Save,2026-09-29,https://www.ionos.com/servers/vps,
Kamatera,0.01,USD,Per Month Hourly rate,2026-09-29,https://www.kamatera.com/pricing/,
Kamatera,0.05,USD,GB Additional storage is only,2026-09-29,https://www.kamatera.com/pricing/,
Kamatera,10.0,USD,TB Operating System Ubuntu Server,2026-09-29,https://www.kamatera.com/pricing/,
Kamatera,25.0,USD,Dallas Standard,2026-09-29,https://www.kamatera.com/pricing/,
Kamatera,39.0,USD,Dallas Pro,2026-09-29,https://www.kamatera.com/pricing/,
Kamatera,4.0,USD,Servers Firewalls CMS Databases Monitoring VPN ERP Virtual Desktop Forex Basic,2026-09-29,https://www.kamatera.com/pricing/,
KnownHost,43.25,USD,Free migrations with supported control panel Starting at,2026-09-29,https://www.knownhost.com/vps-hosting,
KnownHost,5.0,USD,Fully self-managed environment Starting at,2026-09-29,https://www.knownhost.com/vps-hosting,
Latitude.sh,1.23,USD,Gbps Locations Starting,2026-09-29,https://www.latitude.sh/pricing,
Latitude.sh,1.68,USD,Gbps Locations Starting At,2026-09-29,https://www.latitude.sh/pricing,
Latitude.sh,10.0,GBP,Storage NVME Network,2026-09-29,https://www.latitude.sh/pricing,
Latitude.sh,100.0,GBP,NVME NVME Network,2026-09-29,https://www.latitude.sh/pricing,
Latitude.sh,17.52,USD,Gbps Locations Starting,2026-09-29,https://www.latitude.sh/pricing,
Latitude.sh,200.0,GBP,Hourly Monthly Paid yearly Gen 4 DDR5 RAM Ultra fast NVMe SVE-compatible Up to,2026-09-29,https://www.latitude.sh/pricing,
Latitude.sh,24.0,USD,Gbps Locations Starting At,2026-09-29,https://www.latitude.sh/pricing,
Latitude.sh,3.97,USD,Gbps Locations Starting,2026-09-29,https://www.latitude.sh/pricing,
Latitude.sh,46.72,USD,Gbps Locations Starting,2026-09-29,https://www.latitude.sh/pricing,
Latitude.sh,5.44,USD,Starting At,2026-09-29,https://www.latitude.sh/pricing,
Latitude.sh,64.0,USD,Gbps Locations Starting At,2026-09-29,https://www.latitude.sh/pricing,
Latitude.sh,800.0,GBP,GPU 8 x NVIDIA HGX B300,2026-09-29,https://www.latitude.sh/pricing,
Liquid Web,0.01,USD,Hourly Compute Build,2026-09-29,https://www.liquidweb.com/vps-hosting/,
Liquid Web,0.02,USD,Compute Build Build,2026-09-29,https://www.liquidweb.com/vps-hosting/,
Liquid Web,0.03,USD,Build Build Build,2026-09-29,https://www.liquidweb.com/vps-hosting/,
Liquid Web,0.06,USD,Build Build Build,2026-09-29,https://www.liquidweb.com/vps-hosting/,
Liquid Web,11.0,USD,Build now 1 2 GB 60 GB 2 TB,2026-09-29,https://www.liquidweb.com/vps-hosting/,
Liquid Web,17.0,USD,Root Dedicated RAM,2026-09-29,https://www.liquidweb.com/vps-hosting/,
Liquid Web,22.0,USD,Build now 2 6 GB 120 GB 4 TB,2026-09-29,https://www.liquidweb.com/vps-hosting/,
Liquid Web,22.5,USD,Root Dedicated RAM,2026-09-29,https://www.liquidweb.com/vps-hosting/,
Liquid Web,45.0,USD,Root Dedicated RAM,2026-09-29,https://www.liquidweb.com/vps-hosting/,
Liquid Web,5.0,USD,VPS Hosting Starting at,2026-09-29,https://www.liquidweb.com/vps-hosting/,
Liquid Web,8.5,USD,Root Dedicated RAM,2026-09-29,https://www.liquidweb.com/vps-hosting/,
Liquid Web,90.0,USD,Root Dedicated RAM,2026-09-29,https://www.liquidweb.com/vps-hosting/,
RackNerd,139.0,USD,DEDICATED SERVERS Starting,2026-09-29,https://www.racknerd.com/,
RackNerd,139.0,USD,Processor Servers Low Latency Network DDoS Protected Network SSD & HDD Options,2026-09-29,https://www.racknerd.com/,
RackNerd,179.0,USD,COLOCATION PLANS Starting,2026-09-29,https://www.racknerd.com/,
RackNerd,2.0,USD,Storage Premium Low Latency Network Multiple Datacenter Locations Instantly Setup,2026-09-29,https://www.racknerd.com/,
RackNerd,2.24,USD,Toronto starting at just,2026-09-29,https://www.racknerd.com/,
RackNerd,39.0,USD,Access Low Latency Network Multiple Datacenter Locations Scale/Upgrade Seamlessly,2026-09-29,https://www.racknerd.com/,
RackNerd,99.0,USD,U Available 24x7 Smart Hands & Eyes Free Receiving Premium Bandwidth Included,2026-09-29,https://www.racknerd.com/,
RamNode,12.0,USD,Linode Shared Monthly,2026-09-29,https://www.ramnode.com/,
RamNode,14.0,USD,NVMe VPS From,2026-09-29,https://www.ramnode.com/,
RamNode,18.0,USD,Linode Shared Monthly,2026-09-29,https://www.ramnode.com/,
RamNode,24.0,USD,NVMe-backed shared option is the 4GB tier at,2026-09-29,https://www.ramnode.com/,
RamNode,4.0,USD,Uptime Guaranteed Cloud VPS plans starting at,2026-09-29,https://www.ramnode.com/,
ScalaHosting,10.0,USD,LiteSpeed 5 Domains 8GB RAM,2026-09-29,https://www.scalahosting.com/vps-hosting/,
ScalaHosting,15.0,USD,Backup for the last seven days,2026-09-29,https://www.scalahosting.com/vps-hosting/,
ScalaHosting,16.0,USD,LiteSpeed 5 Domains Unlimited RAM,2026-09-29,https://www.scalahosting.com/vps-hosting/,
ScalaHosting,170.95,USD,SAVE Get Started,2026-09-29,https://www.scalahosting.com/vps-hosting/,
ScalaHosting,244.95,USD,SAVE Get Started,2026-09-29,https://www.scalahosting.com/vps-hosting/,
ScalaHosting,29.95,USD,Support from A to Z Anytime Unconditional Money-back Guarantee Starting From,2026-09-29,https://www.scalahosting.com/vps-hosting/,
ScalaHosting,29.95,USD,Turbo-fast NVMe SSD 36 M 12 M 1 M,2026-09-29,https://www.scalahosting.com/vps-hosting/,
ScalaHosting,44.95,USD,Turbo-fast NVMe SSD 36 M 12 M 1 M,2026-09-29,https://www.scalahosting.com/vps-hosting/,
ScalaHosting,54.95,USD,SAVE Get Started,2026-09-29,https://www.scalahosting.com/vps-hosting/,
ScalaHosting,69.95,USD,Turbo-fast NVMe SSD 36 M 12 M 1 M,2026-09-29,https://www.scalahosting.com/vps-hosting/,
ScalaHosting,94.95,USD,Turbo-fast NVMe SSD 36 M 12 M 1 M,2026-09-29,https://www.scalahosting.com/vps-hosting/,
ScalaHosting,96.95,USD,SAVE Get Started,2026-09-29,https://www.scalahosting.com/vps-hosting/,
Scaleway,36.0,EUR,Benefit from up to,2026-09-29,https://www.scaleway.com/en/pricing/,
Scaleway,4.99,EUR,Servers Start Affordable,2026-09-29,https://www.scaleway.com/en/pricing/,
Scaleway,4.99,EUR,French Dedibox VPS,2026-09-29,https://www.scaleway.com/en/pricing/,
SSDNodes,11.08,USD,IPv6 Included That,2026-09-29,https://www.ssdnodes.com/pricing/,
SSDNodes,113.0,USD,Started KVM MEDIUM,2026-09-29,https://www.ssdnodes.com/pricing/,
SSDNodes,133.0,USD,Started KVM LARGE,2026-09-29,https://www.ssdnodes.com/pricing/,
SSDNodes,141.0,USD,Started KVM MEDIUM,2026-09-29,https://www.ssdnodes.com/pricing/,
SSDNodes,166.0,USD,Started KVM LARGE,2026-09-29,https://www.ssdnodes.com/pricing/,
SSDNodes,342.0,USD,Per Year Save,2026-09-29,https://www.ssdnodes.com/pricing/,
SSDNodes,5.5,USD,IPv6 Included That,2026-09-29,https://www.ssdnodes.com/pricing/,
SSDNodes,597.0,USD,Per Year Save,2026-09-29,https://www.ssdnodes.com/pricing/,
SSDNodes,66.0,USD,VPS KVM SMALL,2026-09-29,https://www.ssdnodes.com/pricing/,
SSDNodes,717.0,USD,Per Year Save,2026-09-29,https://www.ssdnodes.com/pricing/,
SSDNodes,83.0,USD,Standard VPS Performance VPS KVM / SMALL,2026-09-29,https://www.ssdnodes.com/pricing/,
SSDNodes,9.42,USD,IPv6 Included That,2026-09-29,https://www.ssdnodes.com/pricing/,
UpCloud,10.0,USD,GB 2 250 Mbit/s 30 GB,2026-09-29,https://upcloud.com/pricing/,
UpCloud,12.0,USD,GB 1 250 Mbit/s 30 GB,2026-09-29,https://upcloud.com/pricing/,
UpCloud,14.0,USD,GB 2 500 Mbit/s 30 GB,2026-09-29,https://upcloud.com/pricing/,
UpCloud,18.0,USD,MaxIOPS Global Price,2026-09-29,https://upcloud.com/pricing/,
UpCloud,20.0,USD,GB 2 500 Mbit/s 40 GB,2026-09-29,https://upcloud.com/pricing/,
UpCloud,24.0,USD,GB 4 500 Mbit/s 40 GB,2026-09-29,https://upcloud.com/pricing/,
UpCloud,26.0,USD,MaxIOPS Global Price,2026-09-29,https://upcloud.com/pricing/,
UpCloud,28.0,USD,GB 2 500 Mbit/s 50 GB,2026-09-29,https://upcloud.com/pricing/,
UpCloud,3.0,USD,SLA Starting from,2026-09-29,https://upcloud.com/pricing/,
UpCloud,32.0,USD,GB 4 500 Mbit/s 50 GB,2026-09-29,https://upcloud.com/pricing/,
UpCloud,6.0,USD,MaxIOPS high performance storage 1000 Mbps Internet & IPv4 included Starting from,2026-09-29,https://upcloud.com/pricing/,
UpCloud,7.0,USD,GB 1 250 Mbit/s 20 GB,2026-09-29,https://upcloud.com/pricing/,
Virmach,10.0,USD,EC2 AZURE B1ms,2026-09-29,https://virmach.com/,
Virmach,12.0,USD,LITE CPU SSD,2026-09-29,https://virmach.com/,
Virmach,12.0,USD,AZURE B1ms SALE,2026-09-29,https://virmach.com/,
Virmach,12.5,USD,RAM CPU SSD,2026-09-29,https://virmach.com/,
Virmach,14.0,USD,AZURE B1ms SALE,2026-09-29,https://virmach.com/,
Virmach,14.6,USD,AZURE B1ms SALE,2026-09-29,https://virmach.com/,
Virmach,17.61,USD,AZURE B1ms SALE,2026-09-29,https://virmach.com/,
Virmach,18.1,USD,AZURE B1ms SALE,2026-09-29,https://virmach.com/,
Virmach,2.0,USD,SSD NVMe SSD,2026-09-29,https://virmach.com/,
Virmach,5.0,USD,STORAGE-500G RAM HDD,2026-09-29,https://virmach.com/,
Virmach,6.0,USD,EC2 AZURE B1ms,2026-09-29,https://virmach.com/,
Virmach,7.0,USD,AZURE B1ms SALE,2026-09-29,https://virmach.com/,
